thread_id,customer_text,agent_text,true_intent,should_escalate,escalation_reason
1063151,"@115858 donc quand notre iPhone chauffe juste parce qu’il est en charge et s’éteint à 45 % c’est rien ?
Faut sourire et en acheter un autre?",@371034 We offer support via Twitter in English. Contact us for help in your preferred language here: https://t.co/IBIY3vMgPj,hardware_repair,1,hardware_damage
876712,@AppleSupport This iOS update is glitch on top of glitch on top of glitch. I’m very tired.,"@328143 We're happy to see how we can help. To start, which device are you experiencing this on and which iOS version is it running?",software_troubleshooting,1,hardware_damage
1066899,Just upgraded to the iPhone 7 from the SE. Battery life on the 7 is shocking @AppleSupport @115858 had it 2 days and already regretting it!,@371773 We'd like to look into this a bit more with you. Could you join us in DM with more info? https://t.co/GDrqU22YpT,hardware_repair,1,hardware_damage
2358800,I have an iPhone 8 Plus. I updated my phone to iOS 11.1.1 and my phone has been freezing. I’m explaining glitches with my email and music app. Apple what’s good? @AppleSupport @115858,@681254 Thanks for reaching out to us. We'd like to help you and look into this freezing issue further. Please DM us to continue working on this. https://t.co/GDrqU22YpT,software_troubleshooting,1,software issue
1067823,@AppleSupport I can’t turn on cellular data for certain apps and my phone is on the latest version of ios,"@371981 Has the device been restarted since it happened? If not, let's do that using these steps: https://t.co/OWRDHWSt4h",software_troubleshooting,1,software issue
2143995,.@115858 this I️ glitch is the worst thing ever. How is this not fixed yet???,@440682 Here’s what you can do to work around the issue until it’s fixed in a future software update: https://t.co/xXaXeeSRt9,software_troubleshooting,0,Safe for auto-reply
1474844,@115858 @AppleSupport What’s the update on a new update? iOS 11.0.3 has literally killed my phone. I think I’m going to Android like others,@462379 Hello. Could you let us know specifically what has happened to your device; does it power on?,software_troubleshooting,1,not much information provided for agent
2794357,Is the @115858 Mac’s rainbow pinwheel of death supposed to make me feel good about imminently  losing all my shit?  At least PC has the guts to kick you in the face w/ a spinning hour glass as if to say your life is about run out of sand.,@779805 Thanks for reaching out. What exact issue are you experiencing with the device?,other,1,toxic language
2734454,"@AppleSupport on the iphone x, do you still have the security feature of unlocking it with a password, or is it all done via facial recognition only?","@766390 Great question! A passcode is set as an alternate way to verify your identity. For more information about Face ID/passcode, click here: https://t.co/5dZ9R889O9",general_inquiry,0,Safe for auto-reply
362093,@AppleSupport iOS 11 has made it impossible to update apps in the AppStore! They just look like they’re loading but never actually do!,@201776 We're here to help. DM us which iOS 11 version you're on and we'll go from there. https://t.co/GDrqU22YpT,software_troubleshooting,0,Safe for auto-reply
1469335,Does anyone know how to disable the iPhone asking for Apple Pay in iOS 11.03? I don’t use Apple Pay @AppleSupport,@461034 We would like to help with this. Reach out to us in DM with more information. https://t.co/GDrqU22YpT,general_inquiry,0,Safe for auto-reply
266527,@115858 @AppleSupport updated to ios11 and I’ve had the loading symbol on the left side since.,"@179498 Thanks for reaching out. We're happy to help. To start, which iOS device and exact iOS 11 version are you using?",software_troubleshooting,1,fix needed
1535682,Why are my I’s turning into I️ @AppleSupport,@476174 We can look into this auto-correct with you. DM us the iOS version you're running. https://t.co/GDrqU22YpT,other,1,not much information provided for the agent
2144574,@630511 @167557 @8942 That iPhone glitch is so annoying!!!! I️. Wtf is this @115858,@630510 Here’s what you can do to work around the issue until it’s fixed in a future software update: https://t.co/xXaXeeSRt9,software_troubleshooting,0,Safe for auto-reply
1411621,@AppleSupport No. But I just did that and it fixed it. Thanks!,@399109 Awesome! Our pleasure. Have a great rest of your day!,general_inquiry,0,Safe for auto-reply
1943287,@AppleSupport my iPhone 7 is on airplane mode and still receives and sends msgs. Help pls,@577782 Let's look in to this together and figure out what is occurring. Which version of the iOS is installed on your iPhone? https://t.co/GDrqU22YpT,software_troubleshooting,1,asked for direct help
1338140,"@AppleSupport have lost 3 from 4 email accounts since updating to iOS 11.0.3 &amp; can’t add back, suggestions?","@432120 We're happy to help. To get started, let us know which device you're using. What happens when you attempt to re-add them?",software_troubleshooting,1,needed fix from support
1540659,@AppleSupport @115858 Can I stream music with Apple Music?,@477474 Yes. You can absolutely stream music via Apple Music.,general_inquiry,0,Safe for auto-reply
766961,@AppleSupport both. 'Rake It Up' is purchased but the others are from Apple Music.,@303302 Let's meet in DM to collect more information and have this resolved. https://t.co/GDrqU22YpT,general_inquiry,0,Safe for auto-reply
1134113,"@AppleSupport I had to wipe the whole fucking thing, losing all my pix, apps, drawings and then it worked. Now iTunes keeps asking me to log in constantly",@387226 Let's work together to see what we can do about your data. Please DM us with the country where you're located to continue. https://t.co/GDrqU22YpT,hardware_repair,1,needed fix as general fix won't fix
1818781,"@115858 @AppleSupport 
#Bringbackios11 this new ios 11.0.3 is terrible! I have lost 2% battery life since I started typing this msg 😡","@546306 Battery life is important, and we're here for you. DM us the device you're experiencing this on, and we'll get started. https://t.co/GDrqU22YpT",general_inquiry,0,Safe for auto-reply
1646147,@502830 @115858 Fun fact: The notification ribbon from Twitter doesn’t show the symbols. I️ also don’t have this issue when texting,@502985 Here’s what you can do to work around the issue until it’s fixed in a future software update: https://t.co/xXaXeeSRt9,general_inquiry,0,Safe for auto-reply
1526944,@AppleSupport has apple considered or have available a way to send delayed text messages?,@290290 We love to hear feedback/suggestions from our customers. You can submit yours here: https://t.co/eTPVYVFyd8,general_inquiry,0,Safe for auto-reply
2039358,@AppleSupport for the new updates can u guys put in the description “will crash multiple times” so I️ can at least be prepared for it🤦🏽‍♂️,@602996 We want to help. What kind of device do you have? Does this happen when you're using a specific app?  Let's meet in DM here: https://t.co/GDrqU22YpT,other,0,Safe for auto-reply
765480,@AppleSupport So so slow,@302957 Let's see how things run in safe mode: https://t.co/PQ4LSYhUTY DM us the results and we'll be happy to dig deeper with you: https://t.co/GDrqU22YpT,general_inquiry,0,Safe for auto-reply
2369478,This stupid ass iPhone and this stupid ass A box shit is about to make me THROW THIS WHOLE PHONE AWAY . FUCK YALL @115858 !,"@683814 We recently released an iOS update, 11.1.1, that contains a fix for autocorrect issues. Let’s be sure to back up your device prior to updating. How to back up: https://t.co/4f8hwT5to6",other,1,"toxic language used, frustated user"
2429192,None of my photos will load so I can see them and I also cannot send them. I don’t expect to pay £500+ for a iPhone for my photos not to load! I have done all updates that Apple have released and I also have plenty of storage on my phone. What’s going on @115858 @AppleSupport,"@697411 We'll get you pointed in the right direction. For help with Photos on your iPhone, connect with an Advisor who specializes in Photos here: https://t.co/IBIY3vMgPj You can connect with them by selecting Apps &amp; Software &gt; iOS Apps &gt; Photos for iOS.",software_troubleshooting,1,has general fix doesn't worked
2789237,"whats going on @115858 my phone stuck again with apple logo do we need to think seriously about switching form IOS
@AppleSupport @118721",@602217 Let's look into that. Let's continue in DM. https://t.co/GDrqU22YpT,software_troubleshooting,1,as general fix didn't work actual support needed
2398012,@AppleSupport fix this glitch i’m tired of this “ i️ “ shit,"@690132  We recently released an iOS update, 11.1.1, that contains a fix for autocorrect issues. Let’s be sure to back up your device prior to updating. How to back up: https://t.co/4f8hwT5to6",other,0,Safe for auto-reply
2146506,Issues having Text Replacement move over to iPhoneX? I am! Any help? @AppleSupport @630992 @240840,"@630991 Let us know via DM what is occurring with text replacement for you, then we can help out from there. https://t.co/GDrqU22YpT",general_inquiry,0,Safe for auto-reply
1277198,"@418918 @AppleSupport I updated, left with a frozen iPhone 7 too. Battery life is not existent",@569869 We'd like to check into what you are seeing on your iPhone. Could you join us in DM with more details to get started? https://t.co/GDrqU22YpT,hardware_repair,1,hardware issue
619386,@AppleSupport 11.1.2 killed the great sound &amp; battery 8 plus had just 4 weeks ago,@266978 Thank you for that info. We'd like to look into this further with you. DM us and we'll continue there. https://t.co/GDrqU22YpT,general_inquiry,0,Safe for auto-reply
762535,@AppleSupport 11.03 and still my own ringtones will not work 😱😭,@302191 We're here to help. Let's take this to DM so we can better assist you. https://t.co/GDrqU22YpT,general_inquiry,0,Safe for auto-reply
1930526,"@115858 could you like, fix the fact that everybody's phones are randomly restarting? It's seriously annoying and inconvenient.",@574469 We'd be happy to look into this with you more in detail.  Please reach out to us via DM and we'll get started. https://t.co/GDrqU22YpT,hardware_repair,1,hardware issue
2729099,@AppleSupport Email attachments,@164051 Thanks for clarifying this for us. Are you using the Mail app or do you access your mail from Safari? Send us a DM and let us know. https://t.co/GDrqU22YpT,other,0,Safe for auto-reply
2003294,"Hey, @AppleSupport when will I️ be able to text and see the letter “I️” normally again?",@301556 Thanks for reaching out to us about this. Which device and OS version is this occurring on? DM us here please: https://t.co/GDrqU22YpT,general_inquiry,0,Safe for auto-reply
1858187,"What’s wrong with #ios11 on #iphone6. The battery life is awful! Also quite a few bugs I encountered. 

@115858 Help!",@207484 We want to help with your battery. Look here for a few tips: https://t.co/bivpdfBNJ6  DM us if you're still having trouble. https://t.co/GDrqU22YpT,hardware_repair,0,Safe for auto-reply
1483606,@115858 This is really annoying me. The letter that sounds like “eye” is what I️ can’t type ....,@464518 Let's review this concern together. DM us your iPhone model and iOS version to get started. https://t.co/GDrqU22YpT,general_inquiry,0,Safe for auto-reply
1636564,"@AppleSupport No, airplay is always buffering a lot",@500567 Make sure your devices are compatible: https://t.co/jQN1wtIGI3 and then check your Wi-Fi: https://t.co/zlgjExQD2d,software_troubleshooting,0,Safe for auto-reply
2133589,@AppleSupport can you get your best nerds and fix this letter glitch? It’s really ruining my week,@627767 Here’s what you can do to work around the issue until it’s fixed in a future software update: https://t.co/xXaXeeSRt9,general_inquiry,0,Safe for auto-reply
1627167,Dear @115858 are you guys going to fix the “I️ “ problem ????? https://t.co/Tyi340h5ma,@498192 We'd love to help. What device are you using and can you provide us with more details on the issue?,general_inquiry,0,Safe for auto-reply
164203,@AppleSupport I’m assuming it’s fake?,@154031 You are correct.,other,0,Safe for auto-reply
361737,@AppleSupport sois vosotros o es falso este correo? https://t.co/otYaaFATsX,@201673 We offer support via Twitter in English. Get help in Spanish here: https://t.co/IBIY3vMgPj or join https://t.co/OczyRx7IOs,other,0,Safe for auto-reply
1182514,@AppleSupport Maybe the problem is iOS11,@398085 This is unexpected behavior. Let's see what we can do to get you a resolution. What happens when you try to update?,general_inquiry,0,Safe for auto-reply
1544939,@AppleSupport my iphone se has a serious keyboard glitch when i️ type in i️ 🤷🏾‍♀️ i️ updated my phone to ios 11.0.3,@265687 Let's look into this keyboard issue for you. Send us a DM and we can look over some options for you. https://t.co/GDrqU22YpT,software_troubleshooting,1,general fix didn't work
2185371,"@AppleSupport It’s not about accuracy.  I used the activity app in the watch.  That’s what said I burned 245 calories.  So, the same watch should show 245 calories in the move ring.",@640021 We understand. Please reach out to us via DM and we can pick up from there. https://t.co/GDrqU22YpT,general_inquiry,0,Safe for auto-reply
2918917,Any #appleproduct users want to tell me why I can’t play music on my USB port in my car to my iPhone 6 Plus or print on my mac with the newest updates?? @AppleSupport,@807891 We want to help out. DM us and we'll go from there. https://t.co/GDrqU22YpT,device_connectivity,1,specific solution needed!
708010,@318 @2202 @115858 @AppleSupport @1542 worst thing is the removal of podcasts continuously playing. Bring it back,@289252 Thanks for reaching out! Feel free to share your feedback with us about this feature here: https://t.co/eTPVYVFyd8,general_inquiry,0,Safe for auto-reply
563976,@AppleSupport Where’s my option to use #ApplePayCash ? https://t.co/PXQpaaoRqq,"@252075 If you're in the US, those features will require iOS 11.2 and will begin rolling out early next week.",billing_purchases,1,billing
2048947,Apple trying to fry my phone so I have to buy a 8 @AppleSupport @115858 stop this foolishness,@605954 Are you experiencing issues with your iPhone? We'd love to help you get them fixed. DM us more info and we'll get started. https://t.co/GDrqU22YpT,other,0,Safe for auto-reply
38855,@AppleSupport It’s 11.1,@124479 Is it still doing the same thing currently? Tell us more via DM: https://t.co/GDrqU22YpT,other,0,Safe for auto-reply
2117310,So @115858 when are you gonna fix this issue... I️,@624059 Here’s what you can do to work around the issue until it’s fixed in a future software update: https://t.co/xXaXeeSRt9,general_inquiry,0,Safe for auto-reply
145256,@AppleSupport Apple Watch 3 battery has been draining so quickly the past week - not used overnight but 40% battery drain,@148923 We're glad you've reached out to us on this and are eager to look into what's going on. Let's begin by restarting your Watch. How to restart your Apple Watch: https://t.co/gZrStAoDfj,hardware_repair,1,hardware
1674783,Hey @AppleSupport can you please explain why the hecking heck all my “I’s” are autocorrecting to this nonsense https://t.co/LF2WKumAT1,@509573 Here’s what you can do to work around the issue until it’s fixed in a future software update: https://t.co/tqme2m68En,software_troubleshooting,0,Safe for auto-reply
823989,"@AppleSupport I updated to 11.0.1 then 11.0.2 and experience extreme lagging on the iPhone 6, Battery draining even quicker, can’t connect to most WiFi",@316272 We'd like to help with these issues. Tell us a bit more about the Wi-Fi issue via DM to get started. We'll go from there. https://t.co/GDrqU22YpT,software_troubleshooting,0,Safe for auto-reply
2860008,@AppleSupport If someone could just tell me why I still haven't received my laptop back when all I need was a battery change that'd be great please.,@794745 We'd be happy to look into this with you. We've received your DM and we'll get started there.,billing_purchases,1,billing and support related
1981362,@AppleSupport I️ am starting to feel like an Android user with my l’s showing up like question marks.,@586494 Let's check it out. Which iPhone are you using? Which iOS shows in Settings &gt; General &gt; About? Let us know in DM. https://t.co/GDrqU22YpT,general_inquiry,0,Safe for auto-reply
2730349,@AppleSupport iPhone 6,@765474 Thanks. Which version of iOS 11 is your device currently running?,other,0,Safe for auto-reply
2924643,@AppleSupport hi I send iMessages but they're not being said as 'delivered' even though the recipient got them,@809262 We can work together on this. Can you tell us what device is affected and the software version that is running? https://t.co/GDrqU22YpT,software_troubleshooting,0,Safe for auto-reply
1347717,@AppleSupport since updating my iPhone to IOS11.03 it keeps timing out when mirroring to Apple TV???,"@405236 We want to see that resolved. For additional assistance, please contact our Apple TV team here: https://t.co/IBIY3vMgPj",device_connectivity,1,connectivity issue
762240,@115858 imma need another update real quick. Phone battery is shit now pls help,@302124 We want to get to the bottom of this just as much as you do. Let's work together on this in DM. https://t.co/GDrqU22YpT,general_inquiry,0,Safe for auto-reply
2220392,"@AppleSupport I just tried it on YouTube and it worked and then stopped working, I can try other apps too if you need it?",@648533 Let's try one or two other apps and see if you see the same result. Just so we can isolate the issue if possible.,device_connectivity,0,Safe for auto-reply
1655044,@AppleSupport is there any way to undo an update? This last one has frozen my phone &amp; randomly restarted it at least 8 times this weekend.,@505107 Let's see what we can do to help. Send us a DM with your device type and we can go over some options. https://t.co/GDrqU22YpT,software_troubleshooting,1,the issue got serious
1932761,@AppleSupport I have the iPhone 7 Plus and I’m using 11.0.3,@575140 Thanks. Tell us more about the issues you're encountering post update via DM. We'll go from there. https://t.co/GDrqU22YpT,other,0,Safe for auto-reply
2000990,"@116333 supper disappointed not to see a headphone included with such an expensive iPhone X, are we not eligible for an headphone also...",@474860 Each package should include EarPods with Lightning Connector. Let us know in a DM if you're missing accessories. https://t.co/GDrqU22YpT,other,0,Safe for auto-reply
2977506,"@AppleSupport my husbands i pad stopped charging;  we have to turn it off overtime we want to charge it, and then its slow","@821174 As we're working on two different issues here, let's continue our conversation in DM please. https://t.co/GDrqU22YpT",general_inquiry,0,Safe for auto-reply
2652666,@AppleSupport Apple music keeps crashing after I updated.,"@301936 Thanks for reaching out to us. When you say it's crashing, do you mean the app just closes anytime you try to open it, or something else?",software_troubleshooting,0,Safe for auto-reply
2852349,"Could a iPhone works worst? I cannot even call!!! With a 7!

@AppleSupport https://t.co/u7X2gRuBJU",@793032 We'd like to help. Let us know which version of iOS you're running via DM to get started. https://t.co/GDrqU22YpT,software_troubleshooting,1,basic functionality not working properly
1159189,"@AppleSupport your heart rate tracking during workouts has some issues. I pushed and this was my results, at one point, 48bpm. 👎🏽 https://t.co/APLB3rjqyu","@392689 We can help you. Please check out the ""For best results"" of this support article: https://t.co/DDoyTd3OQv",hardware_repair,1,physical accruacy is low
1671204,@115858 I️WANT YOU TO FIX THIS SHIT I️ HATE I️T I️ I️ I️ I️. I️ II I️. WHY,@508696 Here’s what you can do to work around the issue until it’s fixed in a future software update: https://t.co/xXaXeeSRt9,general_inquiry,1,toxic frustrated user
2246986,@AppleSupport  Chyeah mayn.. Why does my iPhone 7plus and 8 plus keep restarting like the old MacBook mid 2010’s?! This iPhone 8 Plus done restarted three times in the past hour!!,@654834 We'd love to work with to find out why your phones are exhibiting this behavior. Please tell us which version of iOS you have installed on the iPhones. You'll find this in Settings &gt; General &gt; About.,hardware_repair,1,keep restarting needed support
1007100,Hey @AppleSupport - why is this appearing on my lock screen? 🤔🤷🏼‍♂️ https://t.co/LH3KcOnKZy,@192480 When was the last time you listened to music on your iPhone? Is there a paused track in the last app you used?,general_inquiry,1,not much information given so agent can't handle it
612888,"@AppleSupport Hello , I Updated It And It Still Show The Box🙄 Please Help.",@646720 We appreciate you coming back with some feedback. Confirm for us in DM whether you're referring to iOS 11.1.1 See you there! https://t.co/GDrqU22YpT,general_inquiry,0,Safe for auto-reply
31435,"@AppleSupport Just used your ""chat"" portion on help, it won't let me chat with anyone. My apple ID has been very buggy","@122933 You can follow the steps listed in ""Cancel Order"" section to have this canceled: https://t.co/jr7MZtpSNY",general_inquiry,0,Safe for auto-reply
910437,"@AppleSupport I just closed down iTunes, restarted and tried downloading through 'Purchased' - seems to have worked. Thanks very much for your help anyway",@336250 You're welcome. We hope you enjoy the rest of your day and weekend!,general_inquiry,0,Safe for auto-reply
545216,@AppleSupport my 6s with iOS 11 keeps getting a black loading screen. Help!,@246731 Thanks for reaching out about this behavior. Let’s work together to get this addressed. Does that still continue after taking the steps in this article? https://t.co/osZOKKTalm Let us know via a DM. We’ll keep moving from there. https://t.co/GDrqU22YpT,general_inquiry,1,hardware issue maybe..
248728,"@AppleSupport Every app tried it with updating -Asphalt 8 , google maps, And downloading-Xe currency,bad piggies and YouTube","@175087 Have you tried restarting your device and trying again? Also, what's the exact iOS version installed?",general_inquiry,0,Safe for auto-reply
2445199,@AppleSupport stop autocorrecting my i’s into i️,"@701055 That's an experience you should have and we're going to do all we can to work towards a resolution. To help get us started through troubleshooting, may we have the iOS version shown in Settings &gt; General &gt; About?",general_inquiry,0,Safe for auto-reply
1674064,@AppleSupport can u please fix the keyboard thing so eye can type the letter eye?!,@509372 We’re here for you. Here’s a work around for the issue until it’s fixed in a future software update: https://t.co/xXaXeeSRt9,general_inquiry,0,Safe for auto-reply
874811,"@AppleSupport I’ve completed all those steps, my carrier doesn’t see anything wrong, and my sim works in another iPhone",@327693 Let's take a closer look. Reach out via DM using the link below. https://t.co/GDrqU22YpT,hardware_repair,1,general fix didn't work
460844,@AppleSupport I’m on the Public beta of 11.2 but this has literally been happening on and off since the first beta.,"@224482 Okay, DM us your country so we can continue. https://t.co/GDrqU22YpT",general_inquiry,0,Safe for auto-reply
2036894,Face ID failed on me 4 times today just now. #FaceID #iPhoneX @AppleSupport just got the phone today.,@329366 We want to look into this with you. DM us what iOS version you're on and any other details. We'll continue with you there. https://t.co/GDrqU22YpT,general_inquiry,0,Safe for auto-reply
2060858,@115858 #itsucks battery mostly #ios11,@609513 We're here for you. DM us a few more details about what is going on and we can go from there together. https://t.co/GDrqU22YpT,general_inquiry,1,toxicity
38873,@AppleSupport Can we speak via email? __email__,"@124482 We offer support here, through phone support, or chat. DM us if you would like to continue here. https://t.co/GDrqU22YpT",account_security,1,through email
2404903,"#iOS111 is dreadful. Phone randomly hanging for 1-2mins each time, apps crash constantly. Completely unusable. SORT IT OUT! @AppleSupport","@691735 Hey, we know how important it is for your iPhone to run smoothly. DM us the exact iOS version currently installed and we'll work together towards a solution. https://t.co/GDrqU22YpT",hardware_repair,1,general fix didn't work so needed interfer
299071,@AppleSupport Ios11 &amp; I have both,@187286 Is the case or screen protector by any chance covering the home button or surrounding ring?,other,0,Safe for auto-reply
594669,@AppleSupport I logged into my iCloud account from Safari on my MacBook Air. I went into settings to manage my account and change my password. it won’t let me. Login window keeps appearing. Please help.,@260892 We want to help! DM us and let us know more about the issues you are having. We can look more into this issue from there. https://t.co/GDrqU22YpT,account_security,1,security features is not working
1476501,"@AppleSupport with this new update, typing “ I️ “ shows a question mark in a box instead of the letter my guy",@462801 Thanks for reaching out. Please DM us about the issue you're experiencing and we'll continue there. https://t.co/GDrqU22YpT,general_inquiry,0,Safe for auto-reply
2444190,so like when is the I thing getting fixed @115858,"@700833 This issue was addressed with a recent software update. If you're experiencing this issue when typing on your keyboard, be sure to update to the latest version. If you're seeing other user's post/messages experiencing the issue, they would need to update as well.",general_inquiry,0,Safe for auto-reply
288354,@AppleSupport 11.0.2 (the very last one),@184686 Thanks for confirming that for us. Let's go ahead and meet up within DM so we can further isolate this issue: https://t.co/GDrqU22YpT,other,0,Safe for auto-reply
2890779,"@AppleSupport what happened to my music app? why do black screen appears instead of white screen when i open my music app? i can’t get used to it, please fix! https://t.co/EUJ7BK7F3E",@776002 Thanks for the live video example. Let's see how we can assist. When did this first begin? Which iOS version are you using under Settings &gt; General &gt; About?,software_troubleshooting,1,black screen problem
302949,@188302 @AppleSupport mine does that too sometimes,@188301 Hi there. Let's meet in DM and discuss it. We're here to help. https://t.co/GDrqU22YpT,general_inquiry,0,Safe for auto-reply
2360296,"@AppleSupport  I have been getting strange emails about ""unauthorized sign-in"", etc.  Do you have a email address I can forward these to?",@681627 We'd love to help with this! We do have an email address to which you can send fraudulent emails. This link has more information about that: https://t.co/LNMCdqt6fD,account_security,1,account security has been compramized
2691786,I’M SICK AND TIRED OF THIS I️ GLITCH @115858 fix this,@756676 We'd like to help. Let's take this to DM and we'll explore ways to provide you assistance. https://t.co/GDrqU22YpT,general_inquiry,1,toxicity
2279819,@AppleSupport iOS 11.1.1 broke the notification text #iOS #iOS11.1.1 https://t.co/GHOlyi93gg,@258620 We'd like to see what we can do to help. Are you seeing this with all apps and what device are you seeing this on?,general_inquiry,0,Safe for auto-reply
1203487,"@115858 Whenever I select a sound from the main list then move to the “classics” list or whatever, that first sound will glitch and repeat",@402724 Let's restart your iPhone and meet in DM. We' glad to work with you in this unique issue. https://t.co/GDrqU22YpT,general_inquiry,0,Safe for auto-reply
243100,@AppleSupport yes. all the apps have been updated accordingly.,@173729 Thanks for doing that. Let's continue our conversation in DM. https://t.co/GDrqU22YpT,other,0,Safe for auto-reply
648517,"@115858; I know it's only an #iPhone6, but surely something that costs £500 should last longer than 18 months without having issues. Iv no prob with #capitalism, but ur type is starting to #takethepiss. #Noneedforgreed. Bolox, my phones just br",@274111 This is certainly not the experience we want you to have. You're in great hands for support. Let us know which iOS version you're using. Use this link to check for the iOS version: https://t.co/ZTw54HL4Rm DM us your response. https://t.co/GDrqU22YpT,software_troubleshooting,1,billing problem
42613,"@AppleSupport Yes, still the same result. It just won't go to sleep. Closing the lid doesn't do anything.",@125417 DM your location and we'll take it from there. https://t.co/GDrqU22YpT,general_inquiry,1,general fix did't work
1627601,Wtf @115858 why am I️ seeing boxes??,"@498306 Thanks for reaching out to us. Try the steps in this article : https://t.co/xU1AGHStV6
Meet us in DM if you need more help. https://t.co/GDrqU22YpT",general_inquiry,1,not much information provided for agent 
716608,@AppleSupport I have the latest version iOS. It started immediately after I updated my phone.,@291515 Is there a particular app that seems to cause these issues more than others? What model iPhone are you using? Join us in DM. https://t.co/GDrqU22YpT,other,0,Safe for auto-reply
2756810,@AppleSupport No 😢,@771545 Thank you. Do you share your Apple ID with anyone? Have you recently removed any email accounts? Please feel free to DM us. https://t.co/GDrqU22YpT,general_inquiry,0,Safe for auto-reply
2974485,my phone is fucking up @115858 get your shit together,@820338 We'd like to see if we can do anything to assist. What exactly are you experiencing? DM us and we'll continue there. https://t.co/GDrqU22YpT,general_inquiry,1,toxicity
283214,Really?.?? @AppleSupport https://t.co/4V2gFlqOO2,@183471  Let’s get you pointed in the right direction. Our @159983 team will take it from here.,general_inquiry,1,t.co is inculded
431295,@AppleSupport Did you not read the Tweet? Even using Bluetooth is an issue. Things don’t stay connected and when they do it’s intermittent.,"@217543 Let's take a closer look, could you Direct Message us and let us know what country you're located in? https://t.co/GDrqU22YpT",general_inquiry,1,toxicity
775437,@115858 if I don’t have my Apple TV remote how am I suppose to put the access code from my phone onto the Apple TV 🤦🏼‍♀️,"@305277 We can help. For assistance with your Apple TV, reach out to our support team here: https://t.co/IBIY3vMgPj https://t.co/GDrqU22YpT",device_connectivity,1,general fix didn't fix
2013612,Yo what's going on with the letter I on the new update?? Plz explain @115858,@595406 Thanks for reaching out. We have a workaround for this here: https://t.co/xXaXeeSRt9 DM us if you still need help. https://t.co/GDrqU22YpT,general_inquiry,0,Safe for auto-reply
1821898,"@546929 @AppleSupport Yep, happening to me too. So annoying.",@567284 We've got your back! We've also received your DM. We'll respond from there to help get to the bottom of this.,general_inquiry,0,Safe for auto-reply
2925655,@115858 um ok well u need to get ur shit together bc my phone keeps logging me out of my iTunes/icould &amp;randomly turning off my iMessage,"@809496 We'd like some details to assist. Which iPhone model and iOS is this occurring on? Also, have you made any recent changes to your Apple ID or iCloud account? Let us know and we'll continue.",general_inquiry,1,toxicity
2590417,"@AppleSupport My settings seem to be optimized, as always.",@733722 Let's take a look into this further for you. Which iOS version are you using in Settings &gt; General &gt; About?  Let us know in DM. https://t.co/GDrqU22YpT,general_inquiry,0,Safe for auto-reply
585923,Hi @AppleSupport my old iPhone 6s is shutting down and bugging me out every 20 seconds 😞 please help https://t.co/Fxaxn1qwSU,@258337 We're sorry to hear this. Let's see what we can do to get it resolved. When did you start seeing these unexpected shutdowns?,general_inquiry,1,general fix didn't work for old iphone
1163459,G une question alede @AppleSupport @115858,@393685 We offer support via Twitter in English. Contact us for help in your preferred language here: https://t.co/IBIY3vMgPj,general_inquiry,0,Safe for auto-reply
691200,"Dear @AppleSupport: this is a current map of Cupertino, San Jose, Sunnyvale. Why is Maps so useless so often? https://t.co/bDqgzBuNX6","@285166 Definitely not the expected display for that, but we can help out! Which device is this occurring on?",general_inquiry,0,Safe for auto-reply
268723,@AppleSupport all 3 updates of IOS 11,@180069 What issues are you experiencing? Let us know in DM. https://t.co/GDrqU22YpT,general_inquiry,0,Safe for auto-reply
1083977,@AppleSupport My music won’t show up on my lock screen and that is probably the most annoying issue tbh,@375690 Which model do you have and is iOS 11.0.3 the version installed? Any steps tried so far?,software_troubleshooting,1,general fix didn't work
587079,@258659 @115858 for real my phone is so slow now and i haven't even updated 😭,@258657 That shouldn't be happening. We'd be happy to help. Send us a DM letting us know which version of iOS you have so we may continue troubleshooting. https://t.co/GDrqU22YpT,general_inquiry,0,Safe for auto-reply
1872168,@AppleSupport I have to restart my phone in order for the speaker to work.,@559057 We're glad you came to us with this. Let's meet up in DM to discuss the issue you're experiencing further. Here's a link: https://t.co/GDrqU22YpT,hardware_repair,1,hardware damage
1099674,@AppleSupport I accidentally erased my phone HELP,@379504 We want to do all we can to help you out. Do you currently have a backup of your iPhone in iCloud or iTunes?,general_inquiry,1,accidentely deleted everything so needed help
956390,@AppleSupport Hello. I restarted my Watch and it toons about 15 minutes for weather to come back. Series 0 Watch. Opened weather app on iPhone 6s Plus.,@290190 Understood. Which software version are you running on your Apple Watch and iPhone?,general_inquiry,0,Safe for auto-reply
1999726,"Hey @AppleSupport, I can't get my email to reconfigure to my MacBook. Is this something you can help me with? 😢","@591283 Thanks for reaching out, we're happy to help. Which macOS are you running? DM us with the details, we'll take it from there. https://t.co/GDrqU22YpT",general_inquiry,1,email needed
2427297,"@AppleSupport It got sluggish after the 11.0.3 update. 
I'm using an iPhone 6 so I assumed the hardware was just running behind.",@696960 Thanks.  Which exact iOS version are you running?  You can check under Settings &gt; General &gt; About.,hardware_repair,1,hardware problem
2729090,I woke up.... my phone was charging..... and it was on 1%. @115858 explain,@765173 We're here to help. Try these steps and let us know if the issue continues: https://t.co/uqxquyfdn0,general_inquiry,0,Safe for auto-reply
1911557,@AppleSupport my battery has been draining so fast with the IOS 11 update on the iphone 7 plus? help?,"@569428 We'd be glad to look into this with you. To get started, DM us which version of iOS 11 is installed &amp; we'll work from there: https://t.co/GDrqU22YpT",general_inquiry,0,Safe for auto-reply
84231,@AppleSupport Already did that https://t.co/TQPIBDVAFO,"@134529 Thanks. Are you seeing the question mark when you try to type the letter ""i"" or are you only seeing it on posts or messages from other users?",general_inquiry,1,t.co needed to be reviwed
1282393,@AppleSupport iPhone 6s and IOS 11.0.3,@420008 Thanks for that information. Let's continue to work together in DM. https://t.co/GDrqU22YpT,general_inquiry,0,Safe for auto-reply
2442789,my phone went from this bulshit to that bulshit after updating it. thanks @AppleSupport https://t.co/HrKt2ypBXL,@700491 Are you on the latest iOS 11.1.1?,general_inquiry,1,toxicity
2306995,@AppleSupport for some reason the HomeKit app isn’t working for me it’s just stuck on this screen https://t.co/qFBv5v4Kyc,"@629754 You're in the right place for help. To get us started, may we have the current iOS version shown in Settings &gt; General &gt; About?",general_inquiry,0,Safe for auto-reply
2055091,"Hey, @115858 - you broke iPhone7+ iTunes in Elantra through USB with iOS11, fixed it on 2nd patch, and broke it again with latest patch. 🙁",@607801 We are here for you. Let's take a look at this further for you. Reach out to us in DM. https://t.co/GDrqU2kzhr,hardware_repair,1,hardware issue
272910,no puedo descargar ninguna app con iOS 11 😡 @AppleSupport,@181173 We offer support via Twitter in English. Get help in Spanish here: https://t.co/IBIY3vMgPj or join https://t.co/OczyRx7IOs,general_inquiry,1,toxic user
2805966,Why the fuck is my bluetooth always on @797 @115858 I didn’t ask for it to be on why the fuck do you keep turning on stop it,@782596 We want to help! You can permanently disable the Bluetooth in Settings &gt; Bluetooth.,hardware_repair,1,toxic user
852953,@AppleSupport My “updates” section won’t also load.,@322620 Have you tried connecting to the App Store on another Wi-Fi connection? Please DM us the device and version of OS: https://t.co/GDrqU22YpT,general_inquiry,0,Safe for auto-reply
2903673,Does anyone know how to turn off the @115858 ios push updates FOREVER? Keeps downloading in the background using me space. Ill never ever update to ios 11 on iPhone 6 ever‼️,"@804168 If you don't want new updates to be downloaded automatically, you can turn this off by going to Settings &gt; iTunes &amp; App Store &gt; Turn off automatic downloads for updates.

Next, go to Settings &gt; General &gt; iPhone Storage and ensure there's no downloaded updates.",general_inquiry,0,Safe for auto-reply
1969312,@AppleSupport ive update my ipad air to ios 11 and its sooooo slow. Ive reboooted it. Is there any wsy i can downgrade it to ios 10?,"@583422 That's a great question. We do not support returning to a prior iOS, we can certainly look into this issue. Join us in a DM here: https://t.co/GDrqU22YpT",general_inquiry,0,Safe for auto-reply
2596449,"@AppleSupport hi there, my apple id is locked and i cant unlock it because i dont have access to the email address associated with my apple id","@686132 If you don't have access to the email address used for your account, you can use your security questions instead. This article will help: https://t.co/qLj64gHtqO Reach out to us here if you need any further help: https://t.co/IBIY3vMgPj",account_security,1,account security
359809,"@AppleSupport Hi! Literally all apps! V.11.0.2 not only is it slow but aesthetically not pleasing to the eyes, why'd you throw the minimalistic style away",@201220 Does a restart help? Which iPhone model do you have? Let us know in DM: https://t.co/GDrqU22YpT,general_inquiry,0,Safe for auto-reply
2040202,@AppleSupport My Apple Watch burned my hand. Why?,@603252 Oh no! Let's get to the bottom of this together. Please DM us which Apple Watch you have and we'll go from there. https://t.co/GDrqU22YpT,hardware_repair,1,hardware issue
2307979,"Hey guys, when are you going to fix this bug? @115858 @AppleSupport",@669484 What are you experiencing? We want to help.,general_inquiry,1,t.co icluded which needed review
2705021,More &amp; more I feel like an unofficial beta tester for @115858. My MBP randomly crashes. iOS 11 sucks. If not for 3rd party apps that I &lt;3..,@759719 Let's partner together as that's not the experience we want for you. Join us in DM with additional details and we'll get started: https://t.co/GDrqU22YpT,general_inquiry,1,toxicity
1243833,@AppleSupport My apple music ain’t working so we swinging,"@411811 We're here to help. DM us, and let us know what happens when you try to us it. We'll see what we can do. https://t.co/GDrqU22YpT",general_inquiry,0,Safe for auto-reply
246521,@AppleSupport I mean... Has the AC connected and it’s going down lol that’s hilarious,@174553 Thanks for letting us know. Please DM us so that we can continue troubleshooting together. https://t.co/GDrqU22YpT,device_connectivity,0,Safe for auto-reply
2583198,@AppleSupport I seem to have a virus in my mac calles “oneclickrev” that is opening tabs on safari whenever I click anywhere on a website,@663223 That can be a concern when your Mac is opening tabs without your consent.  We'll do our best to help. Please respond in DM with your current macOS version. https://t.co/GDrqU22YpT,account_security,1,expose to virus
1146726,"Hello @AppleSupport can you tell what should I do with my iPhone. updated to iOS 11.03, the update kills the battery too fast !!","@389901 Let's work together on a solution. To start, let's make sure your battery is set for max performance: https://t.co/BGb00taxed",general_inquiry,0,Safe for auto-reply
2110957,@AppleSupport DM?,"@622693 Yes, a Direct Message. You can use the link in this Tweet to send us one. https://t.co/GDrqU22YpT",general_inquiry,1,human intervention needed
1144237,"@AppleSupport no they don't, but when i unlock the phone they start going off even if it's not the set time. i rebooted the phone, hope it'll work now.","@389319 Let us know if restarting helps. If not, delete all alarms, then create one to go off in 5 minutes. Let us know how that works.",general_inquiry,0,Safe for auto-reply
793719,My phone's been acting up since the announcement for the iPhone 8. @AppleSupport you ain't slick,"@309268 We'd love to help out. What's going on with your iPhone? Also, what's the iOS version? DM us. https://t.co/GDrqU22YpT",general_inquiry,0,Safe for auto-reply
225139,@AppleSupport problem solved! I restarted again! Thank you so much 😁,@169779 We're happy to hear that worked. You know how to reach us if you ever need to again. We're online every day from 5am-8pm PST.,general_inquiry,0,Safe for auto-reply
1724859,@AppleSupport this shouldn't happen https://t.co/iozm6bFjy8,"@521689 If you are letting us know your messages are gone, we'd love to help. Send us a DM with the iOS version. https://t.co/GDrqU22YpT",general_inquiry,1,t.co included
323861,"@AppleSupport Thank you, my iOS version is 11.0.2",@193145 Thanks for letting us know that. Is there an error message on your screen? When do you notice this behavior?,general_inquiry,0,Safe for auto-reply
1753198,Yes @115858. When I️ type Im of course I️ want it autocorrected to whatever that is. Thanks. https://t.co/on8UpqeFOW,@528108 Here’s what you can do to work around the issue until it’s fixed in a future software update: https://t.co/xXaXeeSRt9,general_inquiry,0,Safe for auto-reply
1575012,It sure would be nice if iOS offered the option to offload an app right from the app icon. /cc @AppleSupport,@485355 Thanks. You can share feedback on this here: https://t.co/eTPVYVFyd8,general_inquiry,0,Safe for auto-reply
2479038,"@AppleSupport Says can't connect to server, etc or nothing happens. I'm at my wits end now. I've tried everything with the hotline who asked me to backup, wipe and restore. Now i can't launch any of my store apps, my life is on LINE and whatsapp... help me.","@708482 We understand. To look further into this, DM us some more info using the link below: https://t.co/GDrqU22YpT",general_inquiry,1,tried everything needed human support
96979,"@AppleSupport I have not. 

I was having Airpods issues and contacted apple last night...we rebooted airpods and disconnected from phone and reconnected.

hence, my need to change the setting back to ""double tap to pause"" which had been working flawlesly for months.","@137166 Go ahead and try that now. If the issue continues, send us a DM and we'll go from there. https://t.co/GDrqU22YpT",hardware_repair,1,hardware issue
1451828,"@AppleSupport I’d appreciate if we found a solution 

That’s the only one I have and that one already comes on the phone, what should I do now? https://t.co/cZ83ck8NCC",@456915 We're happy to assist. Which iOS version are you currently running? Go to Settings &gt; General &gt; About for the version.,general_inquiry,1,t.co included so needed review
51625,@AppleSupport In every app except iMessage,"@127589 Let's take a deeper look!  To begin, feel free to DM us what country you're currently located in: https://t.co/GDrqU22YpT",general_inquiry,0,Safe for auto-reply
1436723,"@AppleSupport  we are not getting response from apple India  wrote two mails , i hvent expect such from apple inc.",@453533 We are here to help. DM us the details of your issue and we can take a look at this. https://t.co/GDrqU22YpT,general_inquiry,1,email support needed
612873,@AppleSupport it still doesn’t work smh,@644978 Hi there. DM us and we can take a closer look. https://t.co/GDrqU22YpT,general_inquiry,0,Safe for auto-reply
1716114,wen r we getting this shit fixed i️ need to see my letter i️ again 🙄😒 @AppleSupport,@519703 Here’s what you can do to work around the issue until it’s fixed in a future software update: https://t.co/qODbOsp4wz,general_inquiry,1,toxicity
103202,@AppleSupport I tried to recreate the issue with iTunes open and was unable to reproduce the effect. Thank you for your reply.,"@138705 Got it, thank you. If it still occurs in Safari, please send us a DM. We'd like to continue working on this with you. https://t.co/GDrqU22YpT",general_inquiry,0,Safe for auto-reply
2544039,Updated my laptop and lost all of my saved passwords. Thanks @AppleSupport,@723202 Thanks for reaching out to us. We're always happy to help. Send us a DM so we can take a look into this with you. https://t.co/GDrqU22YpT,account_security,1,losed password needed support
1623815,@AppleSupport UK,@497382 Thanks for the info. The Spotify app should be available for the iPod Touch in the UK as shown here. https://t.co/Og31mfb6h0,general_inquiry,0,Safe for auto-reply
1181854,@AppleSupport The only one it can find is my car Bluetooth. It hasn’t found my Mpow or Fitbit either,@397936 Do you have any other devices that are experiencing the same behavior with not being able to find your Mpow and FitBit? DM us. https://t.co/GDrqU22YpT,general_inquiry,1,connectivity issue
1557152,"@AppleSupport It’s the same using cellular &amp; WiFi (tried 3 different WiFi networks) when I try downloading an app, it says double tap on the right. I do. Nothing happens. When updating, the app just never loads. I’ve been “updating” since yesterday.","@481363 Got it, thanks for letting us know. Go ahead and test the update once again, this time when the prompt shows double tap the Side button on your iPhone. If needed this article will assist with the location: https://t.co/AB7b8bMqSW Let us know the results.",hardware_repair,1,needed support
1768170,"@115858 bonjour mon IPad ne se rallume plus,même après l'avoir laisser chargé,connecté à @118721. HELP ME, MY IPAD HAS A HEART ATTACK I THINK",@531632 We offer support via Twitter in English. Contact us for help in your preferred language here: https://t.co/IBIY3vMgPj,general_inquiry,1,confused user
695301,@AppleSupport No. Yes.,@285829 Let's move over to DM so we may look further into this. https://t.co/GDrqU22YpT,general_inquiry,0,Safe for auto-reply
67413,"@AppleSupport purchased new iPhone 10 , doesn’t vibrate or ring while incoming calls. Tried everything at my end. Help",@131395 We are here to help. DM us your iOS version and we can take a look at this for you. https://t.co/GDrqU22YpT,general_inquiry,0,Safe for auto-reply
1028557,"@AppleSupport Overnight 11.0.3 wiped my photos from over 3,000 to &lt;200 then backed up to iCloud, wiping out 10 months of baby photos.",@363363 We want to help. Meet us in DM and we'll take a look at this together. https://t.co/GDrqU22YpT,software_troubleshooting,1,recovery needed
816406,@115858 I just got an update for IOS 11.0.3  and I scared 😱 its going to mess up my phone even more smh,@183657 We understand the concerns you're having but to isolate these issues we'd recommend keeping your device up to date.,general_inquiry,0,Safe for auto-reply
2139922,@AppleSupport has the screenshot editing feature included in iOS 11 been taken away from iOS 11.1?,"@629334 We can help you. DM us, and we'll look into screenshots. https://t.co/GDrqU22YpT",general_inquiry,0,Safe for auto-reply
270339,Fingerprint ID not working in app store since update. Restart &amp; adding different fingerprint doesn't help. @applesupport 11.0.2,@180456 Glad you messaged us! Do you get the prompt in App Store? Have you turned the feature off and on from Settings &gt; Touch ID?,general_inquiry,1,hardware issue
2280224,@115858 @1647 7:10 dead phone. Hard reset. Good thing there wasn't an emergency. #fail #FirstWorldProblems https://t.co/cFEcwDQDcm,"@662874 We're here for you, and we're glad to see that you were able to get your iPhone to power on. Does this happen often? We also see that the camera isn't working, is this happening with the front or rear facing camera?",general_inquiry,1,t.co needed to be reviwed
761295,@AppleSupport still having this problem with iMessage even after the latest update which came out today https://t.co/V5oBQT7lv9,@301896 Let's look into that. Send us a DM and we'll go from there. https://t.co/GDrqU22YpT,general_inquiry,1,needed fix
53561,I thought that my phone was dead but no it just turned off for no reason @115858 the fuck?,@128103 Let's look into this for you. Send us a DM with your current iOS version to get started. https://t.co/GDrqU22YpT,general_inquiry,1,toxicity
2123931,@AppleSupport They just spin and say theyre updating https://t.co/5qA6NZGuFu,@625630 Does the issue persist after you restart the iPhone? Do you have another Wi-Fi network you can test with?,general_inquiry,1,general support needed
1621192,@115858 fuck iOS11 can’t make calls or nun messing my phone up,@286268 That should not be happening. Let us help. Tell us more about this in DM. https://t.co/GDrqU22YpT,general_inquiry,1,toxicity
1288930,@115858 what’s good with your iPhone 7 battery life why they suck so much,@261290 Thanks for reaching out. We're here to help. DM us so we can look into this further with you. https://t.co/GDrqU22YpT,general_inquiry,0,Safe for auto-reply
2774400,@AppleSupport Yes the error message is for both Comcast/xfinity and gmail- for both accounts the imap connection does not work when I am connected to WiFi (except my home WiFi) I have two other accounts a work account and my old school email. iOS 11.1.2,@775366 Thanks for those details. What is the text of the error message you receive when on an outside Wi-Fi network? Let's meet up in DM to work from here. https://t.co/GDrqU22YpT,device_connectivity,1,general fix didn't work
1642576,Hey @115858 I️ need you to fix this.,@502080 Here’s what you can do to work around the issue until it’s fixed in a future software update: https://t.co/xXaXeeSRt9,general_inquiry,0,Safe for auto-reply
800382,my phone is new and it keeps shutting off on it's own and battery isn't dead 🙃 this is a problem 🙃 @AppleSupport,@310716 Congratulations on your new phone. Let's check out what's causing this problem. Which iPhone and iOS version are you using?,hardware_repair,1,hardware issue
1638890,"@AppleSupport Any idea why my GPS won't work with #iOS11? GPS module was changed, also a factory reset. Still not working! #iPhone #Apple","@265759 We'll gladly assist. When you say the module was changed, do you mean a repair? What device model and what version of iOS 11?",hardware_repair,1,hardware issue
2787805,@118845 Still not holding a charge,@126179 Thanks for trying the steps that we offered. Please send us a Direct Message and we'll continue this conversation there. https://t.co/GDrqU22YpT,hardware_repair,1,hardware issue
2000389,I'm over Apple and the keyboard fucking up o v e r it @115858 get your shit together bro,@591485 We'd like to gather some more information for better troubleshooting. Can you DM us the country you are located in? https://t.co/GDrqU22YpT,general_inquiry,1,toxicity
1596075,How can I access my iCloud like see what’s all on it ?? @AppleSupport,@130254 You can always check https://t.co/tmRhWEkIq4 from a computer's browser to see what's synced there.,account_security,0,Safe for auto-reply
2143410,@115858 @AppleSupport when are you guys going to fix the bug with the letter I️? This code is annoying,@630178 Here’s what you can do to work around the issue until it’s fixed in a future software update: https://t.co/xXaXeeSRt9,general_inquiry,0,Safe for auto-reply
289976,"My battery went from 74% to 41% from doing nothing! In a matter of 12 minutes...
I hate this new update @AppleSupport",@185075 We can help. Try these steps and if you still have issues let us know what device you're using in a DM: https://t.co/bivpdfBNJ6 https://t.co/GDrqU22YpT,general_inquiry,0,Safe for auto-reply
171758,@AppleSupport is this real? https://t.co/N02T2i2Ud3,@156110 This would be a phishing attempt. You can read more on that here: https://t.co/6Ye6EtSytB,general_inquiry,1,t.co inluded needed to be reviewed
1624953,"@AppleSupport ça y est. Redémarré, hard reset, restauration. Et ça marche. Cool....",@497644 We offer support via Twitter in English. Contact us for help in your preferred language here: https://t.co/IBIY3vMgPj,general_inquiry,1,neeeded review
1412571,@AppleSupport I tried forcing a reset but holding the lock and home button down for 30+ secs won't work. Also the top randomly gets hot,@448253 Got it. Do the vertical lines stay on the screen consistently?  Are you able to power it off holding the lock button?,hardware_repair,1,hardware issue
1847786,@AppleSupport is there any ways to resolve this issue without losing my data https://t.co/0UKddEoy4H,@553372 We'd be glad to look into this with you. DM us and let us know if you have access to a computer with iTunes: https://t.co/GDrqU22YpT,account_security,1,data related isuue
1705345,@AppleSupport why am I on iPhone 8 Plus with iOS 11.1 and still constantly seeing question mark emojis?,@516889 We'd like to look into this with you. Send us a DM and we'll continue there. https://t.co/GDrqU2kzhr,general_inquiry,0,Safe for auto-reply
1489568,@AppleSupport CAN tou fix slow keyboard since thé last udapte it s horrible,@465971 Thanks for reaching out. DM which iPhone and specific iOS version you are using to get started. https://t.co/GDrqU22YpT,general_inquiry,0,Safe for auto-reply
119486,@AppleSupport I need someone to contact me and assist me personally. I wouldn't want to be waiting for ever and not speak to anyone like last time.,"@142509 The link in our last tweet allows you to arrange a call-back. We can also create that for you if needed, meet us in DM so we can gather the information to proceed if you prefer. https://t.co/GDrqU22YpT",general_inquiry,1,fix needed
1451567,@AppleSupport I’m really really excited to pick up my iPhone X from Covent Garden tomorrow... but not sure I can make my allotted time slot any more! Can I come earlier/later?,@228230 Congrats on your new iPhone! Let's reach out to our Online Sales team. Contact them through this link: https://t.co/8yjRd1Xo0i,general_inquiry,1,time alloted needed to be reviwed maually
2301739,FIX THE BUG @115858 I️ CANT USE I️ ITS ANNOYINGGG,@667994 We want to make sure we get your device functioning as it should. Can you tell us which device and iOS version we're working with today?,general_inquiry,1,frustrated user
2081644,@AppleSupport @38602 just updated my iPhone &amp; backbeat Fits &amp; they don’t work as seamlessly anymore skip track not working,@615603  Enjoying the features you had before the update is important. Let's take a closer look in DM. https://t.co/GDrqU22YpT,general_inquiry,1,general fix didn't work
2532538,iPhone switches audio to AirPods as soon as I open the enclosure.It should wait till I put them in my ears @123857 @116333 bug in ios11,@578791 We'd like to look into this. Send us a DM with more details to continue. https://t.co/GDrqU22YpT,device_connectivity,0,Safe for auto-reply
126372,I’m tired of this glitchy ass phone!!! @115858 @ATT,@144364  We understand that your phone is expected to work without flaws. Can you let us know the device model you are using? We're happy to help with your Apple products and features. Send us a DM. https://t.co/GDrqU22YpT,general_inquiry,1,toxic user
1410869,@AppleSupport Still having the issue,"@447923 Thanks, we got your DM. Look forward to our reply from there.",general_inquiry,0,Safe for auto-reply
1893965,@AppleSupport Yes. When I click “install app” I get a alert that says “iMovie can’t be installed.....because OS X version 10.12.2 or later is required.”,@564601 Got it. Would you mind joining us in DM please? We'd like to continue our conversation there. https://t.co/GDrqU22YpT,general_inquiry,0,Safe for auto-reply
6767,@AppleSupport After installing the new iOS update (6 plus) my battery is eating energy! Within 3 hrs 45% left .... what’s your solution???,@608331 We're happy to look into your battery concerns. Let us know in DM if you're referring to updating to iOS 11.0.2 &amp; we'll get started. https://t.co/GDrqU22YpT,general_inquiry,0,Safe for auto-reply
2897737,@115858 when will you send out a big fix for the latest iOS? My 6s is freezing and crashing. Garbage.,"@802857 We want to help. When your iPhone is unresponsive or apps crash, what do you do to get it to respond again? Please DM us with your answer. https://t.co/GDrqU22YpT",general_inquiry,1,tocic frustrated user need support
